Img_e/img041-001.png,e
Img_e/img041-002.png,e
Img_e/img041-003.png,e
Img_e/img041-004.png,e
Img_e/img041-005.png,e
Img_e/img041-006.png,e
Img_e/img041-007.png,e
Img_e/img041-008.png,e
Img_e/img041-009.png,e
Img_e/img041-010.png,e
Img_e/img041-011.png,e
Img_e/img041-012.png,e
Img_e/img041-013.png,e
Img_e/img041-014.png,e
Img_e/img041-015.png,e
Img_e/img041-016.png,e
Img_e/img041-017.png,e
Img_e/img041-018.png,e
Img_e/img041-019.png,e
Img_e/img041-020.png,e
Img_e/img041-021.png,e
Img_e/img041-022.png,e
Img_e/img041-023.png,e
Img_e/img041-024.png,e
Img_e/img041-025.png,e
Img_e/img041-026.png,e
Img_e/img041-027.png,e
Img_e/img041-028.png,e
Img_e/img041-029.png,e
Img_e/img041-030.png,e
Img_e/img041-031.png,e
Img_e/img041-032.png,e
Img_e/img041-033.png,e
Img_e/img041-034.png,e
Img_e/img041-035.png,e
Img_e/img041-036.png,e
Img_e/img041-037.png,e
Img_e/img041-038.png,e
Img_e/img041-039.png,e
Img_e/img041-040.png,e
Img_e/img041-041.png,e
Img_e/img041-042.png,e
Img_e/img041-043.png,e
Img_e/img041-044.png,e
Img_e/img041-045.png,e
Img_e/img041-046.png,e
Img_e/img041-047.png,e
Img_e/img041-048.png,e
Img_e/img041-049.png,e
Img_e/img041-050.png,e
Img_e/img041-051.png,e
Img_e/img041-052.png,e
Img_e/img041-053.png,e
Img_e/img041-054.png,e
Img_e/img041-055.png,e
